<Office>
  <!--0 to 2 repetitions:-->
  <Rebate>
    <RebateStartDate>2008-09-29T09:49:45</RebateStartDate>
    <RebateEndDate>2014-09-19T07:18:33</RebateEndDate>
    <RebateMessage>string</RebateMessage>
    <RebateName>string</RebateName>
  </Rebate>
  <ProductType>
    <!--You have a CHOICE of the next 5 items at this level-->
    <ArtSupplies>
      <!--Optional:-->
      <VariationData>
        <Parentage>parent</Parentage>
        <!--Optional:-->
        <VariationTheme>PaperSize</VariationTheme>
      </VariationData>
      <!--Optional:-->
      <ColorSpecification>
        <Color>string</Color>
        <ColorMap>string</ColorMap>
      </ColorSpecification>
      <!--Optional:-->
      <ItemPackageQuantity>201</ItemPackageQuantity>
      <!--Optional:-->
      <NumberOfItems>201</NumberOfItems>
      <!--Optional:-->
      <DisplayLength unitOfMeasure="IN">1000.00000000</DisplayLength>
      <!--Optional:-->
      <DisplayWeight unitOfMeasure="LB">1000.00000000</DisplayWeight>
      <!--Optional:-->
      <DisplayVolume unitOfMeasure="cubic-yd">1000.00000000</DisplayVolume>
      <!--Optional:-->
      <UnitCount unitOfMeasure="string">201</UnitCount>
      <!--0 to 2 repetitions:-->
      <MaterialType>string</MaterialType>
      <!--0 to 3 repetitions:-->
      <PaintType>string</PaintType>
      <!--Optional:-->
      <RecycledContentPercentage>100.00</RecycledContentPercentage>
      <!--Optional:-->
      <PreConsumerRecycledContent>100.00</PreConsumerRecycledContent>
      <!--Optional:-->
      <PostConsumerRecycledContent>100.00</PostConsumerRecycledContent>
      <!--Optional:-->
      <Diameter unitOfMeasure="IN">1000.00000000</Diameter>
      <!--Optional:-->
      <MaximumExpandableSize unitOfMeasure="M">1000.00000000</MaximumExpandableSize>
      <!--Optional:-->
      <CoreDiameter unitOfMeasure="IN">1000.00000000</CoreDiameter>
      <!--0 to 20 repetitions:-->
      <InkColor>string</InkColor>
      <!--Optional:-->
      <BallpointPenType>string</BallpointPenType>
      <!--0 to 20 repetitions:-->
      <TipDescription>string</TipDescription>
      <!--Optional:-->
      <PencilLeadHardness>string</PencilLeadHardness>
      <!--Optional:-->
      <PointType>string</PointType>
      <!--Optional:-->
      <LineSize unitOfMeasure="M">1000.00000000</LineSize>
      <!--Optional:-->
      <NumberOfFasteners>201</NumberOfFasteners>
      <!--Optional:-->
      <FastenerCapacity unitOfMeasure="FT">1000.00000000</FastenerCapacity>
      <!--Optional:-->
      <Binding>side_stitch</Binding>
      <!--Optional:-->
      <BindingLocation>string</BindingLocation>
      <!--Optional:-->
      <ClosureType>string</ClosureType>
      <!--Optional:-->
      <NumberOfHoles>201</NumberOfHoles>
      <!--Optional:-->
      <CoverMaterial>string</CoverMaterial>
      <!--Optional:-->
      <TabCutType>string</TabCutType>
      <!--Optional:-->
      <TabPosition>string</TabPosition>
      <!--Optional:-->
      <IsPrePrinted>false</IsPrePrinted>
      <!--Optional:-->
      <CoatingDescription>string</CoatingDescription>
      <!--Optional:-->
      <PaperCornerType>string</PaperCornerType>
      <!--Optional:-->
      <PaperFinish>string</PaperFinish>
      <!--Optional:-->
      <PaperSize unitOfMeasure="CM">1000.00000000</PaperSize>
      <!--Optional:-->
      <BrightnessRating>100</BrightnessRating>
      <!--Optional:-->
      <MediaStorageCapacity>string</MediaStorageCapacity>
      <!--Optional:-->
      <SpecialFeatures>string</SpecialFeatures>
      <!--0 to 2 repetitions:-->
      <FabricType>string</FabricType>
    </ArtSupplies>
    <EducationalSupplies>
      <!--Optional:-->
      <VariationData>
        <Parentage>parent</Parentage>
        <!--Optional:-->
        <VariationTheme>PaperSize</VariationTheme>
      </VariationData>
      <!--Optional:-->
      <ColorSpecification>
        <Color>string</Color>
        <ColorMap>string</ColorMap>
      </ColorSpecification>
      <!--Optional:-->
      <ItemPackageQuantity>201</ItemPackageQuantity>
      <!--Optional:-->
      <NumberOfItems>201</NumberOfItems>
      <!--Optional:-->
      <DisplayLength unitOfMeasure="M">1000.00000000</DisplayLength>
      <!--Optional:-->
      <DisplayWeight unitOfMeasure="GR">1000.00000000</DisplayWeight>
      <!--Optional:-->
      <DisplayVolume unitOfMeasure="cubic-in">1000.00000000</DisplayVolume>
      <!--Optional:-->
      <UnitCount unitOfMeasure="string">201</UnitCount>
      <!--Optional:-->
      <RecycledContentPercentage>100.00</RecycledContentPercentage>
      <!--Optional:-->
      <PreConsumerRecycledContent>100.00</PreConsumerRecycledContent>
      <!--Optional:-->
      <PostConsumerRecycledContent>100.00</PostConsumerRecycledContent>
      <!--Optional:-->
      <Diameter unitOfMeasure="FT">1000.00000000</Diameter>
      <!--Optional:-->
      <MaximumExpandableSize unitOfMeasure="FT">1000.00000000</MaximumExpandableSize>
      <!--Optional:-->
      <CoreDiameter unitOfMeasure="IN">1000.00000000</CoreDiameter>
      <!--0 to 20 repetitions:-->
      <InkColor>string</InkColor>
      <!--Optional:-->
      <BallpointPenType>string</BallpointPenType>
      <!--0 to 20 repetitions:-->
      <TipDescription>string</TipDescription>
      <!--Optional:-->
      <PencilLeadHardness>string</PencilLeadHardness>
      <!--Optional:-->
      <PointType>string</PointType>
      <!--Optional:-->
      <LineSize unitOfMeasure="IN">1000.00000000</LineSize>
      <!--Optional:-->
      <NumberOfFasteners>201</NumberOfFasteners>
      <!--Optional:-->
      <FastenerCapacity unitOfMeasure="M">1000.00000000</FastenerCapacity>
      <!--Optional:-->
      <Binding>side_stitch</Binding>
      <!--Optional:-->
      <BindingLocation>string</BindingLocation>
      <!--Optional:-->
      <ClosureType>string</ClosureType>
      <!--Optional:-->
      <NumberOfHoles>201</NumberOfHoles>
      <!--Optional:-->
      <CoverMaterial>string</CoverMaterial>
      <!--Optional:-->
      <TabCutType>string</TabCutType>
      <!--Optional:-->
      <TabPosition>string</TabPosition>
      <!--Optional:-->
      <IsPrePrinted>false</IsPrePrinted>
      <!--Optional:-->
      <CoatingDescription>string</CoatingDescription>
      <!--Optional:-->
      <PaperCornerType>string</PaperCornerType>
      <!--Optional:-->
      <PaperFinish>string</PaperFinish>
      <!--Optional:-->
      <PaperSize unitOfMeasure="FT">1000.00000000</PaperSize>
      <!--Optional:-->
      <BrightnessRating>100</BrightnessRating>
      <!--Optional:-->
      <MediaStorageCapacity>string</MediaStorageCapacity>
      <!--Optional:-->
      <SpecialFeatures>string</SpecialFeatures>
      <!--Optional:-->
      <RulingType>string</RulingType>
    </EducationalSupplies>
    <OfficeProducts>
      <!--Optional:-->
      <VariationData>
        <Parentage>child</Parentage>
        <!--Optional:-->
        <VariationTheme>PaperSize</VariationTheme>
      </VariationData>
      <!--Optional:-->
      <ColorSpecification>
        <Color>string</Color>
        <ColorMap>string</ColorMap>
      </ColorSpecification>
      <!--Optional:-->
      <ItemPackageQuantity>201</ItemPackageQuantity>
      <!--Optional:-->
      <NumberOfItems>201</NumberOfItems>
      <!--Optional:-->
      <DisplayLength unitOfMeasure="IN">1000.00000000</DisplayLength>
      <!--Optional:-->
      <DisplayWeight unitOfMeasure="GR">1000.00000000</DisplayWeight>
      <!--Optional:-->
      <DisplayVolume unitOfMeasure="fluid-oz">1000.00000000</DisplayVolume>
      <!--Optional:-->
      <UnitCount unitOfMeasure="string">201</UnitCount>
      <!--0 to 2 repetitions:-->
      <MaterialType>string</MaterialType>
      <!--Optional:-->
      <RecycledContentPercentage>100.00</RecycledContentPercentage>
      <!--Optional:-->
      <PreConsumerRecycledContent>100.00</PreConsumerRecycledContent>
      <!--Optional:-->
      <PostConsumerRecycledContent>100.00</PostConsumerRecycledContent>
      <!--Optional:-->
      <Diameter unitOfMeasure="MM">1000.00000000</Diameter>
      <!--Optional:-->
      <MaximumExpandableSize unitOfMeasure="MM">1000.00000000</MaximumExpandableSize>
      <!--Optional:-->
      <CoreDiameter unitOfMeasure="FT">1000.00000000</CoreDiameter>
      <!--0 to 20 repetitions:-->
      <InkColor>string</InkColor>
      <!--Optional:-->
      <BallpointPenType>string</BallpointPenType>
      <!--0 to 20 repetitions:-->
      <TipDescription>string</TipDescription>
      <!--Optional:-->
      <PencilLeadHardness>string</PencilLeadHardness>
      <!--Optional:-->
      <PointType>string</PointType>
      <!--Optional:-->
      <LineSize unitOfMeasure="MM">1000.00000000</LineSize>
      <!--Optional:-->
      <NumberOfFasteners>201</NumberOfFasteners>
      <!--Optional:-->
      <FastenerCapacity unitOfMeasure="MM">1000.00000000</FastenerCapacity>
      <!--Optional:-->
      <Binding>saddle_stitch</Binding>
      <!--Optional:-->
      <BindingLocation>string</BindingLocation>
      <!--Optional:-->
      <ClosureType>string</ClosureType>
      <!--Optional:-->
      <NumberOfHoles>201</NumberOfHoles>
      <!--Optional:-->
      <CoverMaterial>string</CoverMaterial>
      <!--Optional:-->
      <TabCutType>string</TabCutType>
      <!--Optional:-->
      <TabPosition>string</TabPosition>
      <!--Optional:-->
      <IsPrePrinted>true</IsPrePrinted>
      <!--Optional:-->
      <CoatingDescription>string</CoatingDescription>
      <!--Optional:-->
      <PaperCornerType>string</PaperCornerType>
      <!--Optional:-->
      <PaperFinish>string</PaperFinish>
      <!--Optional:-->
      <PaperSize unitOfMeasure="M">1000.00000000</PaperSize>
      <!--Optional:-->
      <BrightnessRating>100</BrightnessRating>
      <!--Optional:-->
      <MediaStorageCapacity>string</MediaStorageCapacity>
      <!--Optional:-->
      <SpecialFeatures>string</SpecialFeatures>
      <!--Optional:-->
      <RulingType>string</RulingType>
    </OfficeProducts>
    <PaperProducts>
      <!--Optional:-->
      <VariationData>
        <Parentage>child</Parentage>
        <!--Optional:-->
        <VariationTheme>MaximumExpandableSize</VariationTheme>
      </VariationData>
      <!--Optional:-->
      <ColorSpecification>
        <Color>string</Color>
        <ColorMap>string</ColorMap>
      </ColorSpecification>
      <!--Optional:-->
      <ItemPackageQuantity>201</ItemPackageQuantity>
      <!--Optional:-->
      <NumberOfItems>201</NumberOfItems>
      <!--Optional:-->
      <DisplayLength unitOfMeasure="IN">1000.00000000</DisplayLength>
      <!--Optional:-->
      <DisplayWeight unitOfMeasure="GR">1000.00000000</DisplayWeight>
      <!--Optional:-->
      <DisplayVolume unitOfMeasure="cubic-in">1000.00000000</DisplayVolume>
      <!--Optional:-->
      <UnitCount unitOfMeasure="string">201</UnitCount>
      <!--Optional:-->
      <RecycledContentPercentage>100.00</RecycledContentPercentage>
      <!--Optional:-->
      <PreConsumerRecycledContent>100.00</PreConsumerRecycledContent>
      <!--Optional:-->
      <PostConsumerRecycledContent>100.00</PostConsumerRecycledContent>
      <!--Optional:-->
      <Diameter unitOfMeasure="M">1000.00000000</Diameter>
      <!--Optional:-->
      <MaximumExpandableSize unitOfMeasure="IN">1000.00000000</MaximumExpandableSize>
      <!--Optional:-->
      <CoreDiameter unitOfMeasure="CM">1000.00000000</CoreDiameter>
      <!--Optional:-->
      <NumberOfFasteners>201</NumberOfFasteners>
      <!--Optional:-->
      <FastenerCapacity unitOfMeasure="MM">1000.00000000</FastenerCapacity>
      <!--Optional:-->
      <Binding>perfect</Binding>
      <!--Optional:-->
      <BindingLocation>string</BindingLocation>
      <!--Optional:-->
      <ClosureType>string</ClosureType>
      <!--Optional:-->
      <NumberOfHoles>201</NumberOfHoles>
      <!--Optional:-->
      <CoverMaterial>string</CoverMaterial>
      <!--Optional:-->
      <TabCutType>string</TabCutType>
      <!--Optional:-->
      <TabPosition>string</TabPosition>
      <!--Optional:-->
      <IsPrePrinted>false</IsPrePrinted>
      <!--Optional:-->
      <CoatingDescription>string</CoatingDescription>
      <!--Optional:-->
      <PaperCornerType>string</PaperCornerType>
      <!--Optional:-->
      <PaperFinish>string</PaperFinish>
      <!--Optional:-->
      <PaperSize unitOfMeasure="IN">1000.00000000</PaperSize>
      <!--Optional:-->
      <BrightnessRating>100</BrightnessRating>
      <!--Optional:-->
      <SpecialFeatures>string</SpecialFeatures>
      <!--Optional:-->
      <RulingType>string</RulingType>
    </PaperProducts>
    <WritingInstruments>
      <!--Optional:-->
      <VariationData>
        <Parentage>child</Parentage>
        <!--Optional:-->
        <VariationTheme>Size</VariationTheme>
      </VariationData>
      <!--Optional:-->
      <ColorSpecification>
        <Color>string</Color>
        <ColorMap>string</ColorMap>
      </ColorSpecification>
      <!--Optional:-->
      <ItemPackageQuantity>201</ItemPackageQuantity>
      <!--Optional:-->
      <NumberOfItems>201</NumberOfItems>
      <!--Optional:-->
      <DisplayLength unitOfMeasure="FT">1000.00000000</DisplayLength>
      <!--Optional:-->
      <DisplayWeight unitOfMeasure="GR">1000.00000000</DisplayWeight>
      <!--Optional:-->
      <DisplayVolume unitOfMeasure="quart">1000.00000000</DisplayVolume>
      <!--Optional:-->
      <UnitCount unitOfMeasure="string">201</UnitCount>
      <!--0 to 2 repetitions:-->
      <MaterialType>string</MaterialType>
      <!--Optional:-->
      <RecycledContentPercentage>100.00</RecycledContentPercentage>
      <!--Optional:-->
      <PreConsumerRecycledContent>100.00</PreConsumerRecycledContent>
      <!--Optional:-->
      <PostConsumerRecycledContent>100.00</PostConsumerRecycledContent>
      <!--Optional:-->
      <Diameter unitOfMeasure="CM">1000.00000000</Diameter>
      <!--0 to 20 repetitions:-->
      <InkColor>string</InkColor>
      <!--Optional:-->
      <BallpointPenType>string</BallpointPenType>
      <!--0 to 20 repetitions:-->
      <TipDescription>string</TipDescription>
      <!--Optional:-->
      <PencilLeadHardness>string</PencilLeadHardness>
      <!--Optional:-->
      <PointType>string</PointType>
      <!--Optional:-->
      <LineSize unitOfMeasure="IN">1000.00000000</LineSize>
      <!--Optional:-->
      <SpecialFeatures>string</SpecialFeatures>
    </WritingInstruments>
  </ProductType>
  <!--Optional:-->
  <Battery>
    <!--Optional:-->
    <AreBatteriesIncluded>true</AreBatteriesIncluded>
    <!--Optional:-->
    <AreBatteriesRequired>false</AreBatteriesRequired>
    <!--0 to 3 repetitions:-->
    <BatterySubgroup>
      <BatteryType>battery_type_L-SC</BatteryType>
      <NumberOfBatteries>201</NumberOfBatteries>
    </BatterySubgroup>
  </Battery>
  <!--Optional:-->
  <BatteryAverageLife>1000.00000000</BatteryAverageLife>
  <!--Optional:-->
  <BatteryAverageLifeStandby>1000.00000000</BatteryAverageLifeStandby>
  <!--Optional:-->
  <BatteryChargeTime>1000.00000000</BatteryChargeTime>
  <!--Optional:-->
  <CountryOfOrigin>string</CountryOfOrigin>
  <!--Optional:-->
  <IsAdultProduct>true</IsAdultProduct>
  <!--Optional:-->
  <LithiumBatteryEnergyContent>201</LithiumBatteryEnergyContent>
  <!--Optional:-->
  <LithiumBatteryPackaging>batteries_packed_with_equipment</LithiumBatteryPackaging>
  <!--Optional:-->
  <LithiumBatteryVoltage>201</LithiumBatteryVoltage>
  <!--Optional:-->
  <LithiumBatteryWeight>201</LithiumBatteryWeight>
  <!--Optional:-->
  <MfrWarrantyDescriptionLabor>string</MfrWarrantyDescriptionLabor>
  <!--Optional:-->
  <MfrWarrantyDescriptionParts>string</MfrWarrantyDescriptionParts>
  <!--Optional:-->
  <ManufacturerWarrantyType>string</ManufacturerWarrantyType>
  <!--Optional:-->
  <NumberOfLithiumIonCells>201</NumberOfLithiumIonCells>
  <!--Optional:-->
  <NumberOfLithiumMetalCells>201</NumberOfLithiumMetalCells>
  <!--Optional:-->
  <PowerSource>string</PowerSource>
  <!--Optional:-->
  <RegionOfOrigin>string</RegionOfOrigin>
  <!--Optional:-->
  <SellerWarrantyDescription>string</SellerWarrantyDescription>
  <!--Optional:-->
  <Size>string</Size>
  <!--Optional:-->
  <SizeMap>string</SizeMap>
  <!--Optional:-->
  <Warnings>string</Warnings>
</Office>