<OrderReport>
  <AmazonOrderID>string</AmazonOrderID>
  <AmazonSessionID>string</AmazonSessionID>
  <OrderDate>2008-09-29T09:49:45</OrderDate>
  <OrderPostedDate>2014-09-19T07:18:33</OrderPostedDate>
  <!--0 to 10 repetitions:-->
  <CustomerOrderInfo>
    <Type>string</Type>
    <Value>string</Value>
  </CustomerOrderInfo>
  <BillingData>
    <BuyerEmailAddress>string</BuyerEmailAddress>
    <BuyerName>string</BuyerName>
    <BuyerPhoneNumber>string</BuyerPhoneNumber>
    <!--Optional:-->
    <CreditCard>
      <Issuer>JCB</Issuer>
      <Tail>string</Tail>
      <ExpirationDate>2018-11+08:00</ExpirationDate>
    </CreditCard>
    <!--Optional:-->
    <Address>
      <Name>string</Name>
      <AddressFieldOne>string</AddressFieldOne>
      <!--Optional:-->
      <AddressFieldTwo>string</AddressFieldTwo>
      <!--Optional:-->
      <AddressFieldThree>string</AddressFieldThree>
      <!--Optional:-->
      <City>string</City>
      <!--Optional:-->
      <County>string</County>
      <!--Optional:-->
      <StateOrRegion>string</StateOrRegion>
      <!--Optional:-->
      <PostalCode>string</PostalCode>
      <CountryCode>st</CountryCode>
      <!--0 to 3 repetitions:-->
      <PhoneNumber Type="Voice" Description="string">string</PhoneNumber>
      <!--Optional:-->
      <isDefaultShipping>true</isDefaultShipping>
      <!--Optional:-->
      <isDefaultBilling>false</isDefaultBilling>
      <!--Optional:-->
      <isDefaultOneClick>true</isDefaultOneClick>
    </Address>
  </BillingData>
  <FulfillmentData>
    <FulfillmentMethod>Ship</FulfillmentMethod>
    <!--Optional:-->
    <FulfillmentServiceLevel>Scheduled</FulfillmentServiceLevel>
    <!--Optional:-->
    <FulfillmentCenterID>string</FulfillmentCenterID>
    <!--Optional:-->
    <Address>
      <Name>string</Name>
      <AddressFieldOne>string</AddressFieldOne>
      <!--Optional:-->
      <AddressFieldTwo>string</AddressFieldTwo>
      <!--Optional:-->
      <AddressFieldThree>string</AddressFieldThree>
      <!--Optional:-->
      <City>string</City>
      <!--Optional:-->
      <County>string</County>
      <!--Optional:-->
      <StateOrRegion>string</StateOrRegion>
      <!--Optional:-->
      <PostalCode>string</PostalCode>
      <CountryCode>st</CountryCode>
      <!--0 to 3 repetitions:-->
      <PhoneNumber Type="Fax" Description="string">string</PhoneNumber>
      <!--Optional:-->
      <isDefaultShipping>false</isDefaultShipping>
      <!--Optional:-->
      <isDefaultBilling>false</isDefaultBilling>
      <!--Optional:-->
      <isDefaultOneClick>true</isDefaultOneClick>
    </Address>
  </FulfillmentData>
  <!--1 or more repetitions:-->
  <Item>
    <AmazonOrderItemCode>string</AmazonOrderItemCode>
    <SKU>string</SKU>
    <Title>string</Title>
    <!--Zero or more repetitions:-->
    <CustomizationInfo>
      <Type>string</Type>
      <Data>string</Data>
    </CustomizationInfo>
    <Quantity>201</Quantity>
    <ProductTaxCode>string</ProductTaxCode>
    <!--Optional:-->
    <DeliveryStartDate>2012-01-08T03:42:56</DeliveryStartDate>
    <!--Optional:-->
    <DeliveryEndDate>2014-10-27T17:44:59</DeliveryEndDate>
    <!--Optional:-->
    <DeliveryTimeZone>string</DeliveryTimeZone>
    <!--Optional:-->
    <DeliveryInstructions>string</DeliveryInstructions>
    <ItemPrice>
      <!--1 or more repetitions:-->
      <Component>
        <Type>Surcharge</Type>
        <Amount currency="CNY">1000.0000000000000000</Amount>
      </Component>
    </ItemPrice>
    <ItemFees>
      <!--1 or more repetitions:-->
      <Fee>
        <Type>string</Type>
        <Amount currency="JPY">1000.0000000000000000</Amount>
      </Fee>
    </ItemFees>
    <!--Optional:-->
    <ItemTaxData>
      <TaxJurisdictions>
        <TaxLocationCode>string</TaxLocationCode>
        <City>string</City>
        <County>string</County>
        <State>string</State>
      </TaxJurisdictions>
      <TaxableAmounts>
        <District currency="EUR">1000.0000000000000000</District>
        <City currency="GBP">1000.0000000000000000</City>
        <County currency="CAD">1000.0000000000000000</County>
        <State currency="USD">1000.0000000000000000</State>
      </TaxableAmounts>
      <NonTaxableAmounts>
        <District currency="CAD">1000.0000000000000000</District>
        <City currency="CNY">1000.0000000000000000</City>
        <County currency="JPY">1000.0000000000000000</County>
        <State currency="JPY">1000.0000000000000000</State>
      </NonTaxableAmounts>
      <ZeroRatedAmounts>
        <District currency="USD">1000.0000000000000000</District>
        <City currency="JPY">1000.0000000000000000</City>
        <County currency="EUR">1000.0000000000000000</County>
        <State currency="GBP">1000.0000000000000000</State>
      </ZeroRatedAmounts>
      <TaxCollectedAmounts>
        <District currency="EUR">1000.0000000000000000</District>
        <City currency="GBP">1000.0000000000000000</City>
        <County currency="JPY">1000.0000000000000000</County>
        <State currency="JPY">1000.0000000000000000</State>
      </TaxCollectedAmounts>
      <TaxRates>
        <District>1000.0000</District>
        <City>1000.0000</City>
        <County>1000.0000</County>
        <State>1000.0000</State>
      </TaxRates>
    </ItemTaxData>
    <!--Optional:-->
    <ShippingTaxData>
      <TaxJurisdictions>
        <TaxLocationCode>string</TaxLocationCode>
        <City>string</City>
        <County>string</County>
        <State>string</State>
      </TaxJurisdictions>
      <TaxableAmounts>
        <District currency="USD">1000.0000000000000000</District>
        <City currency="USD">1000.0000000000000000</City>
        <County currency="USD">1000.0000000000000000</County>
        <State currency="CAD">1000.0000000000000000</State>
      </TaxableAmounts>
      <NonTaxableAmounts>
        <District currency="CNY">1000.0000000000000000</District>
        <City currency="CAD">1000.0000000000000000</City>
        <County currency="JPY">1000.0000000000000000</County>
        <State currency="EUR">1000.0000000000000000</State>
      </NonTaxableAmounts>
      <ZeroRatedAmounts>
        <District currency="JPY">1000.0000000000000000</District>
        <City currency="USD">1000.0000000000000000</City>
        <County currency="GBP">1000.0000000000000000</County>
        <State currency="EUR">1000.0000000000000000</State>
      </ZeroRatedAmounts>
      <TaxCollectedAmounts>
        <District currency="GBP">1000.0000000000000000</District>
        <City currency="EUR">1000.0000000000000000</City>
        <County currency="EUR">1000.0000000000000000</County>
        <State currency="USD">1000.0000000000000000</State>
      </TaxCollectedAmounts>
      <TaxRates>
        <District>1000.0000</District>
        <City>1000.0000</City>
        <County>1000.0000</County>
        <State>1000.0000</State>
      </TaxRates>
    </ShippingTaxData>
    <!--Optional:-->
    <GiftWrapTaxData>
      <TaxJurisdictions>
        <TaxLocationCode>string</TaxLocationCode>
        <City>string</City>
        <County>string</County>
        <State>string</State>
      </TaxJurisdictions>
      <TaxableAmounts>
        <District currency="GBP">1000.0000000000000000</District>
        <City currency="CAD">1000.0000000000000000</City>
        <County currency="JPY">1000.0000000000000000</County>
        <State currency="CAD">1000.0000000000000000</State>
      </TaxableAmounts>
      <NonTaxableAmounts>
        <District currency="USD">1000.0000000000000000</District>
        <City currency="EUR">1000.0000000000000000</City>
        <County currency="CAD">1000.0000000000000000</County>
        <State currency="CNY">1000.0000000000000000</State>
      </NonTaxableAmounts>
      <ZeroRatedAmounts>
        <District currency="EUR">1000.0000000000000000</District>
        <City currency="GBP">1000.0000000000000000</City>
        <County currency="CAD">1000.0000000000000000</County>
        <State currency="GBP">1000.0000000000000000</State>
      </ZeroRatedAmounts>
      <TaxCollectedAmounts>
        <District currency="CAD">1000.0000000000000000</District>
        <City currency="USD">1000.0000000000000000</City>
        <County currency="JPY">1000.0000000000000000</County>
        <State currency="USD">1000.0000000000000000</State>
      </TaxCollectedAmounts>
      <TaxRates>
        <District>1000.0000</District>
        <City>1000.0000</City>
        <County>1000.0000</County>
        <State>1000.0000</State>
      </TaxRates>
    </GiftWrapTaxData>
    <!--Zero or more repetitions:-->
    <Promotion>
      <PromotionClaimCode>string</PromotionClaimCode>
      <MerchantPromotionID>string</MerchantPromotionID>
      <!--1 or more repetitions:-->
      <Component>
        <Type>Shipping</Type>
        <Amount currency="JPY">1000.0000000000000000</Amount>
      </Component>
    </Promotion>
    <!--Optional:-->
    <GiftWrapLevel>string</GiftWrapLevel>
    <!--Optional:-->
    <GiftMessageText>string</GiftMessageText>
  </Item>
</OrderReport>