<Price>
  <SKU>string</SKU>
  <StandardPrice currency="JPY" zero="true">1000.0000000000000000</StandardPrice>
  <!--Optional:-->
  <MAP currency="GBP" zero="true">1000.0000000000000000</MAP>
  <!--Optional:-->
  <DepositAmount currency="EUR">1000.0000000000000000</DepositAmount>
  <!--Optional:-->
  <Sale>
    <StartDate>2014-06-09T23:15:04+08:00</StartDate>
    <EndDate>2008-11-16T00:52:58</EndDate>
    <SalePrice currency="GBP" zero="false">1000.0000000000000000</SalePrice>
  </Sale>
  <!--Optional:-->
  <Previous delete="true">
    <!--Optional:-->
    <StartDate>2013-12-21T19:32:42+08:00</StartDate>
    <!--Optional:-->
    <EndDate>2016-01-02T03:07:42</EndDate>
    <Price currency="EUR">1000.0000000000000000</Price>
  </Previous>
</Price>