<SettlementReport>
  <SettlementData>
    <AmazonSettlementID>201</AmazonSettlementID>
    <TotalAmount currency="JPY">1000.0000000000000000</TotalAmount>
    <StartDate>2007-10-26T14:36:28</StartDate>
    <EndDate>2004-02-15T02:44:14</EndDate>
    <DepositDate>2018-11-01T13:36:46+08:00</DepositDate>
  </SettlementData>
  <!--Zero or more repetitions:-->
  <Order>
    <AmazonOrderID>string</AmazonOrderID>
    <!--Optional:-->
    <MerchantOrderID>string</MerchantOrderID>
    <!--Optional:-->
    <ShipmentID>anyType</ShipmentID>
    <!--Zero or more repetitions:-->
    <ShipmentFees>
      <!--1 or more repetitions:-->
      <Fee>
        <Type>string</Type>
        <Amount currency="GBP">1000.0000000000000000</Amount>
      </Fee>
    </ShipmentFees>
    <MarketplaceName>string</MarketplaceName>
    <Fulfillment>
      <!--Optional:-->
      <MerchantFulfillmentID>string</MerchantFulfillmentID>
      <PostedDate>2017-05-15T14:41:13</PostedDate>
      <!--1 or more repetitions:-->
      <Item>
        <AmazonOrderItemCode>string</AmazonOrderItemCode>
        <!--Optional:-->
        <MerchantOrderItemID>string</MerchantOrderItemID>
        <SKU>string</SKU>
        <Quantity>201</Quantity>
        <ItemPrice>
          <!--1 or more repetitions:-->
          <Component>
            <Type>FreeReplacementReturnShipping</Type>
            <Amount currency="CAD">1000.0000000000000000</Amount>
          </Component>
        </ItemPrice>
        <!--Optional:-->
        <ItemFees>
          <!--1 or more repetitions:-->
          <Fee>
            <Type>string</Type>
            <Amount currency="EUR">1000.0000000000000000</Amount>
          </Fee>
        </ItemFees>
        <!--Zero or more repetitions:-->
        <Promotion>
          <MerchantPromotionID>string</MerchantPromotionID>
          <Type>string</Type>
          <Amount currency="USD">1000.0000000000000000</Amount>
        </Promotion>
      </Item>
      <!--Optional:-->
      <DirectPayment>
        <!--1 or more repetitions:-->
        <Component>
          <Type>string</Type>
          <Amount currency="USD">1000.0000000000000000</Amount>
        </Component>
      </DirectPayment>
    </Fulfillment>
    <!--Zero or more repetitions:-->
    <OrderFee>
      <!--1 or more repetitions:-->
      <Fee>
        <Type>string</Type>
        <Amount currency="CNY">1000.0000000000000000</Amount>
      </Fee>
    </OrderFee>
  </Order>
  <!--Zero or more repetitions:-->
  <Adjustment>
    <AmazonOrderID>string</AmazonOrderID>
    <!--Optional:-->
    <MerchantOrderID>string</MerchantOrderID>
    <!--Optional:-->
    <AdjustmentID>string</AdjustmentID>
    <MarketplaceName>string</MarketplaceName>
    <Fulfillment>
      <!--Optional:-->
      <MerchantFulfillmentID>string</MerchantFulfillmentID>
      <PostedDate>2012-01-08T03:42:56</PostedDate>
      <!--1 or more repetitions:-->
      <AdjustedItem>
        <AmazonOrderItemCode>string</AmazonOrderItemCode>
        <!--Optional:-->
        <MerchantOrderItemID>string</MerchantOrderItemID>
        <!--Optional:-->
        <MerchantAdjustmentItemID>string</MerchantAdjustmentItemID>
        <SKU>string</SKU>
        <ItemPriceAdjustments>
          <!--1 or more repetitions:-->
          <Component>
            <Type>Tax</Type>
            <Amount currency="EUR">1000.0000000000000000</Amount>
          </Component>
        </ItemPriceAdjustments>
        <!--Optional:-->
        <ItemFeeAdjustments>
          <!--1 or more repetitions:-->
          <Fee>
            <Type>string</Type>
            <Amount currency="CNY">1000.0000000000000000</Amount>
          </Fee>
        </ItemFeeAdjustments>
        <!--Zero or more repetitions:-->
        <PromotionAdjustment>
          <MerchantPromotionID>string</MerchantPromotionID>
          <Type>string</Type>
          <Amount currency="CAD">1000.0000000000000000</Amount>
        </PromotionAdjustment>
      </AdjustedItem>
      <!--Optional:-->
      <DirectPayment>
        <!--1 or more repetitions:-->
        <Component>
          <Type>string</Type>
          <Amount currency="CNY">1000.0000000000000000</Amount>
        </Component>
      </DirectPayment>
    </Fulfillment>
    <!--Zero or more repetitions:-->
    <OrderFeeAdjustment>
      <!--1 or more repetitions:-->
      <Fee>
        <Type>string</Type>
        <Amount currency="JPY">1000.0000000000000000</Amount>
      </Fee>
    </OrderFeeAdjustment>
  </Adjustment>
  <!--Zero or more repetitions:-->
  <OtherFee>
    <!--Optional:-->
    <AmazonOrderID>string</AmazonOrderID>
    <!--Optional:-->
    <MerchantOrderID>string</MerchantOrderID>
    <MarketplaceName>string</MarketplaceName>
    <!--Optional:-->
    <MerchantFulfillmentID>string</MerchantFulfillmentID>
    <PostedDate>2005-09-12T16:55:02+08:00</PostedDate>
    <Amount currency="USD">1000.0000000000000000</Amount>
    <ReasonDescription>string</ReasonDescription>
  </OtherFee>
  <!--Zero or more repetitions:-->
  <OtherTransaction>
    <!--Optional:-->
    <AmazonOrderID>string</AmazonOrderID>
    <!--Optional:-->
    <MerchantOrderID>string</MerchantOrderID>
    <!--Optional:-->
    <MarketplaceName>string</MarketplaceName>
    <!--Optional:-->
    <MerchantFulfillmentID>string</MerchantFulfillmentID>
    <TransactionType>string</TransactionType>
    <!--Optional:-->
    <TransactionID>string</TransactionID>
    <PostedDate>2003-11-10T15:56:46+08:00</PostedDate>
    <Amount currency="JPY">1000.0000000000000000</Amount>
    <!--Optional:-->
    <ReasonDescription>string</ReasonDescription>
    <!--Optional:-->
    <Fees>
      <!--1 or more repetitions:-->
      <Fee>
        <Type>string</Type>
        <Amount currency="USD">1000.0000000000000000</Amount>
      </Fee>
    </Fees>
  </OtherTransaction>
  <!--Zero or more repetitions:-->
  <MiscEvent>
    <PostedDate>2014-06-28T03:41:15+08:00</PostedDate>
    <Amount currency="EUR">1000.0000000000000000</Amount>
  </MiscEvent>
</SettlementReport>