<Tools>
  <!--Optional:-->
  <GritRating>201</GritRating>
  <!--Optional:-->
  <Horsepower>1000.00000000</Horsepower>
  <!--Optional:-->
  <Diameter unitOfMeasure="MM">1000.00000000</Diameter>
  <!--Optional:-->
  <Length unitOfMeasure="IN">1000.00000000</Length>
  <!--Optional:-->
  <Width unitOfMeasure="M">1000.00000000</Width>
  <!--Optional:-->
  <Height unitOfMeasure="IN">1000.00000000</Height>
  <!--Optional:-->
  <Weight unitOfMeasure="MG">1000.00000000</Weight>
  <!--0 to 2 repetitions:-->
  <PowerSource>corded-electric</PowerSource>
  <!--Optional:-->
  <Wattage>201</Wattage>
  <!--Optional:-->
  <Voltage>201</Voltage>
  <!--Optional:-->
  <NumberOfItemsInPackage>201</NumberOfItemsInPackage>
</Tools>